Store,Product Name,Price
Coles,botanica coconut milk & indonesian patchouli plu ... 19ml,8.5
Coles,botanica coconut milk & indonesian patchouli pl ... 2 pack,15.5
Coles,the organic milk company unsalted butter | 250g,5.2
Coles,the organic milk company salted butter | 250g,5.2
Coles,the organic milk co organic mozzarella shred | 250g,6.0
Woolworths,woolworths scone homestyle buttermilk 6 pack,6.0
Woolworths,woolworths soft & glazed milk buns 4 pack,5.5
Woolworths,woolworths southern style buttermilk chicken thigh fillet burgers 350g,9.0
Woolworths,woolworths buttermilk tennessee style chicken wing nibbles 600g,8.5
Woolworths,woolworths uht full cream milk 1l,1.6
